sample-id	barcode	treatment	week
#q2:types	categorical	categorical	numeric
F01-T0	TCCCTTGTCTCC	T	0
F04-T0	ACGAGACTGATT	T	0
F05-T0	GCTGTACGGATT	T	0
F06-T0	ATCACCAGGTGT	T	0
pos-extract1	TGGTCAACGATA	T	0
F08-T0	AGCGGAGGTTAG	T	0
F09-T0	ATCCTTTGGTTC	T	0
F10-T0	TACAGCGCATAC	T	0
F11-T0	ACCGGTATGTAC	T	0
F12-T0	AATTGTGTCGGA	T	0
F13-T0	TGCATACACTGG	T	0
F14-T0	AGTCGAACGAGG	T	0
F15-T0	ACCAGTGACTCA	T	0
F16-T0	GAATACCAAGTC	T	0
F17-T0	GTAGATCGTGTA	T	0
F18-T0	TAACGTGTGTGC	T	0
pos-extract2	CATTATGGCGTG		
negative1	CCAATACGCCTG		
negative2	GATCTGCGATCC		
F19-T0	CAGCTCATCAGC	T	0
F20-T0	CAAACAACAGCT	T	0
F21-T0	GCAACACCATCC	T	0
F22-T0	GCGATATATCGC	T	0
F23-T0	CGAGCAATCCTA	T	0
F24-T0	AGTCGTGCACAT	T	0
F25-T0	GTATCTGCGCGT	T	0
F26-T0	CGAGGGAAAGTC	T	0
F27-T0	CAAATTCGGGAT	T	0
F28-T0	AGATTGACCAAC	T	0
F30-T0	AGTTACGAGCTA	T	0
F31-T0	TTGCGTTAGCAG	T	0
F32-T0	TACGAGCCCTAA	T	0
F33-T0	CACTACGCTAGA	T	0
F34-T0	TGCAGTCCTCGA	T	0
F35-T0	ACCATAGCTCCG	T	0
F36-T0	TCGACATCTCTT	T	0
F37-T0	GAACACTTTGGA	T	0
F38-T0	GAGCCATCTGTA	T	0
F39-T0	TTGGGTACACGT	T	0
F42-T0	AAGGCGCTCCTT	T	0
F44-T0	TAATACGGATCG	T	0
F45-T0	TCGGAATTAGAC	T	0
F01-T8	TGTGAATTCGGA	T	8
F04-T8	CATTCGTGGCGT	T	8
F05-T8	TACTACGTGGCC	T	8
F06-T8	GGCCAGTTCCTA	T	8
F08-T8	GATGTTCGCTAG	T	8
F09-T8	CTATCTCCTGTC	T	8
F10-T8	ACTCACAGGAAT	T	8
F11-T8	ATGATGAGCCTC	T	8
F12-T8	GTCGACAGAGGA	T	8
F13-T8	TGTCGCAAATAG	T	8
F14-T8	CATCCCTCTACT	T	8
F15-T8	TATACCGCTGCG	T	8
F16-T8	AGTTGAGGCATT	T	8
F17-T8	ACAATAGACACC	T	8
F18-T8	CGGTCAATTGAC	T	8
F19-T8	GTGGAGTCTCAT	T	8
F20-T8	GCTCGAAGATTC	T	8
F21-T8	AGGCTTACGTGT	T	8
F22-T8	TCTCTACCACTC	T	8
F23-T8	ACTTCCAACTTC	T	8
F24-T8	CTCACCTAGGAA	T	8
F25-T8	GTGTTGTCGTGC	T	8
F26-T8	CCACAGATCGAT	T	8
F27-T8	TATCGACACAAG	T	8
F28-T8	GATTCCGGCTCA	T	8
F30-T8	CGTAATTGCCGC	T	8
F31-T8	GGTGACTAGTTC	T	8
F32-T8	ATGGGTTCCGTC	T	8
F33-T8	TAGGCATGCTTG	T	8
F34-T8	AACTAGTTCAGG	T	8
F35-T8	ATTCTGCCGAAG	T	8
F36-T8	AGCATGTCCCGT	T	8
F37-T8	GTACGATATGAC	T	8
F38-T8	GTGGTGGTTTCC	T	8
F39-T8	TAGTATGCGCAA	T	8
F42-T8	TGCGCTGAATGT	T	8
F44-T8	ATGGCTGTCAGT	T	8
F45-T8	GTTCTCTTCTCG	T	8
F01-H0	CGTAAGATGCCT	H	0
F04-H0	GCGTTCTAGCTG	H	0
F05-H0	GTTGTTCTGGGA	H	0
F06-H0	GGACTTCCAGCT	H	0
F08-H0	CTCACAACCGTG	H	0
F09-H0	CTGCTATTCCTC	H	0
F10-H0	ATGTCACCGCTG	H	0
F11-H0	TGTAACGCCGAT	H	0
F12-H0	AGCAGAACATCT	H	0
F13-H0	TGGAGTAGGTGG	H	0
F14-H0	TTGGCTCTATTC	H	0
F15-H0	GATCCCACGTAC	H	0
F16-H0	TACCGCTTCTTC	H	0
F17-H0	TGTGCGATAACA	H	0
F18-H0	GATTATCGACGA	H	0
F19-H0	GCCTAGCCCAAT	H	0
F20-H0	GATGTATGTGGT	H	0
F21-H0	ACTCCTTGTGTT	H	0
F22-H0	GTCACGGACATT	H	0
F23-H0	GCGAGCGAAGTA	H	0
F24-H0	ATCTACCGAAGC	H	0
F25-H0	TCACCTCCTTGT	H	0
F26-H0	GCACACCTGATA	H	0
F27-H0	GCGACAATTACA	H	0
F28-H0	TCATGCTCCATT	H	0
F30-H0	AGCTGTCAAGCT	H	0
F31-H0	GAGAGCAACAGA	H	0
F32-H0	TACTCGGGAACT	H	0
F33-H0	CGTGCTTAGGCT	H	0
F34-H0	TACCGAAGGTAT	H	0
F35-H0	CACTCATCATTC	H	0
F36-H0	GTATTTCGGACG	H	0
F37-H0	TATCTATCCTGC	H	0
F38-H0	TTGCCAAGAGTC	H	0
F39-H0	AGTAGCGGAAGA	H	0
F42-H0	GCAATTAGGTAC	H	0
F44-H0	CATACCGTGAGT	H	0
F45-H0	ATGTGTGTAGAC	H	0
F01-H8	CCTGCGAAGTAT	H	8
F04-H8	TTCTCTCGACAT	H	8
F05-H8	GCTCTCCGTAGA	H	8
F06-H8	GTTAAGCTGACC	H	8
F08-H8	ATGCCATGCCGT	H	8
F09-H8	GACATTGTCACG	H	8
F10-H8	GCCAACAACCAT	H	8
F11-H8	ATCAGTACTAGG	H	8
F12-H8	TCCTCGAGCGAT	H	8
F13-H8	ACCCAAGCGTTA	H	8
F14-H8	TGCAGCAAGATT	H	8
F15-H8	AGCAACATTGCA	H	8
F16-H8	GATGTGGTGTTA	H	8
F17-H8	CAGAAATGTGTC	H	8
F18-H8	GTAGAGGTAGAG	H	8
F19-H8	CGTGATCCGCTA	H	8
F20-H8	GGTTATTTGGCG	H	8
F21-H8	GGATCGTAATAC	H	8
F22-H8	GCATAGCATCAA	H	8
F23-H8	GTGTTAGATGTG	H	8
F24-H8	TTAGAGCCATGC	H	8
F25-H8	TGAACCCTATGG	H	8
F26-H8	AGAGTCTTGCCA	H	8
F27-H8	ACAACACTCCGA	H	8
F28-H8	CGATGCTGTTGA	H	8
F30-H8	ACGACTGCATAA	H	8
F31-H8	ACGCGAACTAAT	H	8
F32-H8	AGCTATGTATGG	H	8
F33-H8	ACGGGTCATCAT	H	8
F34-H8	GAAACATCCCAC	H	8
F35-H8	CGTACTCTCGAG	H	8
F36-H8	TCAGTTCTCGTT	H	8
F37-H8	TCGTGCGTGTTG	H	8
F38-H8	GTTATCGCATGG	H	8
F39-H8	GATCACGAGAGG	H	8
F42-H8	GTAAATTCAGGC	H	8
F44-H8	AGTGTTTCGGAC	H	8
F45-H8	ACACGCGGTTTA	H	8